4083.9,0.0,0
4083.9,0.0,0
4083.9,0.0,0
4083.9,0.0,0
4083.9,0.0,0
4083.9,0.0,0
4083.9,0.0,0
4083.9,0.0,0
4083.9,0.0,0
4083.9,0.0,0
4083.9,0.0,0
4083.9,0.0,0
4083.9,0.0,0
4083.9,0.0,0
4083.9,0.0,0
4083.9,0.0,0
6880.5,70.9,0
6681.8,71.0,0
6431.0,71.0,0
6180.1,71.0,0
5929.3,71.0,0
5678.5,71.1,0
5427.6,71.1,0
5176.8,71.1,0
6679.7,70.9,0
6428.9,71.0,0
6178.1,71.0,0
5927.2,71.0,0
5676.4,71.1,0
5425.5,71.1,0
5174.7,71.1,0
4923.9,71.1,0
2063.2,66.4,0
2409.8,66.3,0
2740.8,66.3,0
2973.7,66.3,0
3206.7,66.3,0
3439.6,66.2,0
3672.5,66.2,0
3905.5,66.2,0
2392.8,66.3,0
2729.4,66.3,0
2962.3,66.3,0
3195.3,66.3,0
3428.2,66.2,0
3661.1,66.2,0
3894.1,66.2,0
4127.0,66.2,0
3852.1,783.2,0
3940.5,783.2,0
4028.9,783.2,0
4117.2,783.2,0
4205.6,783.2,0
4294.0,783.2,0
4382.4,783.2,0
4470.8,783.2,0
3706.8,783.2,0
3795.2,783.2,0
3883.6,783.2,0
3972.0,783.2,0
4060.3,783.2,0
4148.7,783.2,0
4237.1,783.2,0
4325.5,783.2,0
4238.2,775.5,0
4264.8,775.5,0
4291.3,775.5,0
4317.8,775.5,0
4344.4,775.5,0
4370.9,775.5,0
4397.4,775.5,0
4424.0,775.5,0
3753.6,775.5,0
3780.1,775.5,0
3806.7,775.5,0
3833.2,775.5,0
3859.7,775.5,0
3886.3,775.5,0
3912.8,775.5,0
3939.3,775.5,0
4083.9,0.0,0
4083.9,0.0,0
4083.9,0.0,0
4083.9,0.0,0
4083.9,0.0,0
4083.9,0.0,0
4083.9,0.0,0
4083.9,0.0,0
4083.9,0.0,0
4083.9,0.0,0
4083.9,0.0,0
4083.9,0.0,0
4083.9,0.0,0
4083.9,0.0,0
4083.9,0.0,0
4083.9,0.0,0
3859.9,518.1,0
3921.8,518.1,0
3983.6,518.1,0
4045.5,518.1,0
4107.4,518.1,0
4169.2,518.1,0
4231.1,518.1,0
4293.0,518.1,0
3758.9,518.1,0
3820.7,518.1,0
3882.6,518.1,0
3944.5,518.1,0
4006.3,518.1,0
4068.2,518.1,0
4130.1,518.1,0
4191.9,518.1,0
4129.5,508.7,0
4148.1,508.7,0
4166.7,508.7,0
4185.2,508.7,0
4203.8,508.7,0
4222.4,508.7,0
4241.0,508.7,0
4259.6,508.7,0
3792.3,508.7,0
3810.8,508.7,0
3829.4,508.7,0
3848.0,508.7,0
3866.6,508.7,0
3885.2,508.7,0
3903.7,508.7,0
3922.3,508.7,0
